ID,No.,Type,Rarity,Name,Level,Total Exp,Current Exp,Required Exp,Link,MOD,Max HP,HP,Damage,Accuracy,Evasion,Rate of Fire,Move Speed,Armor,Rounds,Crit.Damage,Skill1,Skill2,Equip1,Equip2,Equip3,Affection,Oathed,Oathed Datetime,Locked
44211041,20029,SMG,★★★★,STEN MkⅡ Mod,110,5570920,307620,172380,x5,Mod2,965,965,31,17,81,86,12,0,0,5,5,1,,,,100,,,Locked
44213459,10,HG,★★,PPK,100,3263300,-,-,x5,,285,285,27,62,105,63,15,0,0,20,10,0,PPK Suppressor,,,100,,,Locked
44213768,20005,HG,★★★★,M1895 Mod,116,13950204,0,0,x5,Mod3,355,355,37,51,104,45,15,0,0,20,10,10,RMR T4 Red Dot Sight,ILM Hollow-Point Ammo,,100,,,Locked
44217909,27,SMG,★★★,Skorpion,100,3263300,-,-,x5,,795,795,26,14,88,95,12,0,0,5,6,0,,,,100,,,Locked
44225377,20037,RF,★★★★,M14 Mod,116,12479610,0,0,x5,Mod3,430,430,128,86,33,44,7,0,0,40,10,10,,M2 Bipod,,200,Oathed,2020-12-21 20:37,Locked
44230144,20091,HG,★★★★,MP-446 Mod,115,10101284,0,0,x5,Mod3,340,340,32,60,83,60,15,0,0,20,8,8,,,,100,,,Locked
44237463,70,AR,★★★,FF FNC,100,3263300,-,-,x5,,550,550,54,49,39,73,10,0,0,20,7,0,,,,100,,,Locked
44281255,77,MG,★★★,M2HB,100,3263300,-,-,x5,,1075,1075,108,19,17,100,4,0,10,5,8,0,,,,100,,,Locked
44305647,20053,RF,★★★★★★,NTW-20 Mod,117,15531314,0,0,x5,Mod3,475,475,196,94,36,32,7,0,0,40,10,10,20mm HEI,,,200,Oathed,2020-12-16 21:49,Locked
44315874,34,RF,★★★,M1 Garand,100,3263300,-,-,x5,,440,440,126,66,30,37,7,0,0,40,7,0,,,,100,,,Locked
44335719,58,AR,★★★,AK-47,100,3263300,-,-,x5,,660,660,56,37,36,65,10,0,0,20,5,0,,,,100,,,Locked
44477480,20060,AR,★★★★★,AS Val Mod,120,30283300,-,-,x5,Mod3,680,680,50,59,59,76,10,0,0,20,10,10,,SP6 Subsonic Ammo,,200,Oathed,2020-08-19 15:58,Locked
44515470,105,AR,★★★,OTs-12,100,3263300,-,-,x5,,525,525,45,57,57,72,10,0,0,20,4,0,,,,100,,,Locked
44529252,20061,AR,★★★★,StG44 Mod,110,5263300,0,480000,x5,Mod2,645,645,60,52,39,65,10,0,0,20,1,1,,,,100,,,Locked
44534837,20064,AR,★★★★★,Gr G36 Mod,120,30283300,-,-,x5,Mod3,650,650,59,56,52,76,10,0,0,20,10,10,Gr G36 Hybrid Sight,,,200,Oathed,2022-03-17 16:37,Locked
44572871,20026,SMG,★★★★★,Gr MP5 Mod,115,10880594,0,0,x5,Mod3,900,900,36,17,82,90,12,0,0,5,10,10,GSG UX Exoskeleton,,LED Weapon Light,200,Oathed,2020-11-07 12:29,Locked
44684018,20012,HG,★★★★,C96 Mod,115,10083300,0,0,x5,Mod3,425,425,34,54,74,63,15,0,0,20,10,10,,,,100,,,Locked
44698527,20055,AR,★★★★★,M4A1 Mod,120,30283300,-,-,x5,Mod3,565,565,58,58,58,80,10,0,0,20,10,10,VFL 6-24X56,APCR High-Velocity Ammo,Inherited Case,200,Oathed,2020-10-26 10:33,Locked
44706445,20007,HG,★★★★★,Stechkin Mod,116,13081276,0,0,x5,Mod3,425,425,36,59,79,66,15,0,0,20,10,10,Stechkin Buttstock,,Tactical Thunderbolt Ahoge,200,Oathed,2021-02-28 11:47,Locked
44800916,118,AR,★★★★,9A-91,100,3263300,-,-,x5,,580,580,45,52,53,78,10,0,0,20,10,0,,,9A High-Performance Chip,100,,,Locked
44876750,22,SMG,★★★,PPS-43,100,3263300,-,-,x5,,880,880,35,14,69,74,12,0,0,5,8,0,,,,100,,,Locked
44897116,20103,SMG,★★★★★,UMP45 Mod,115,10714977,0,0,x5,Mod3,970,970,31,15,80,83,12,0,0,5,10,10,UMP UX Exoskeleton,,Additional Computing Module,100,,,Locked
44897129,20101,SMG,★★★★★,UMP9 Mod,115,10114830,0,0,x5,Mod3,900,900,31,18,88,87,12,0,0,5,10,10,UMP UX Exoskeleton,,AMP COMPSP,100,,,Locked
44898151,99,HG,★★★★,Gr Mk23,100,3263300,-,-,x5,,400,400,31,56,70,63,15,0,0,20,10,0,,,,100,,,Locked
44969065,14,HG,★★★,Astra,100,3263300,-,-,x5,,400,400,35,48,72,52,15,0,0,20,2,0,,,,100,,,Locked
45004503,20056,AR,★★★★★,M4 SOPMOD II Mod,120,30283300,-,-,x5,Mod3,565,565,60,59,53,79,10,0,0,30,10,10,Dinergate RO,,,200,Oathed,2022-03-14 18:55,Locked
45031640,3,HG,★★★,M9,100,3263300,-,-,x5,,380,380,31,59,70,61,15,0,0,20,7,0,,,,100,,,Locked
45080229,50,RF,★★★★★,Lee Enfield,100,3263300,-,-,x5,,400,400,142,82,42,36,7,0,0,40,10,0,,No32 MKI,,100,,,Locked
45245767,36,RF,★★★★,Springfield,100,3263300,-,-,x5,,420,420,135,76,42,32,7,0,0,40,5,0,,,,100,,,Locked
45261902,20044,RF,★★★★,SV-98 Mod,116,12337640,54340,2945660,x5,Mod3,430,430,148,94,34,37,7,0,0,40,10,9,,,,200,Oathed,2021-01-06 13:40,Locked
45325909,18,SMG,★★★,Ingram,100,3263300,-,-,x5,,880,880,30,12,72,91,12,0,0,5,5,0,,,,100,,,Locked
45432819,20065,AR,★★★★★★,416 Mod,120,30283300,-,-,x5,Mod3,620,620,64,59,55,79,10,0,0,20,10,10,EOT XPS3,,Tactical Headwear,200,Oathed,2020-11-11 08:39,Locked
45432856,72,AR,★★★★,TAR-21,100,3263300,-,-,x5,,525,525,52,51,47,79,10,0,0,20,10,0,,,,100,,,Locked
45618965,171,AR,★★★★,Ribeyrolles,100,3263300,-,-,x5,,550,550,71,49,44,63,10,0,0,20,10,0,,,,150,Oathed,2022-03-12 07:16,Locked
45743467,16,SMG,★★★★★,Thompson,100,3263300,-,-,x5,,1190,1190,33,13,59,82,12,0,0,5,10,0,Thompson's Exoskeleton,,,100,,,Locked
45847990,257,RF,★★★★★,M200,100,3263300,-,-,x5,,440,440,153,101,33,34,7,0,0,40,10,0,,,,100,,,Locked
45956773,69,AR,★★★★,Fr FAMAS,100,3263300,-,-,x5,,605,605,47,51,42,81,10,0,0,20,6,0,,,,100,,,Locked
46071246,20057,AR,★★★★★,ST AR-15 Mod,120,30283300,-,-,x5,Mod3,540,540,58,64,60,78,10,0,0,20,10,10,,,.300BLK High-Velocity Ammo,200,Oathed,2020-11-11 08:27,Locked
46401237,148,RF,★★★★★,IWS 2000,100,3263300,-,-,x5,,440,440,171,82,31,32,7,0,0,40,10,0,,,,100,,,Locked
46426623,43,RF,★★★★,SVD,100,3263300,-,-,x5,,400,400,137,84,35,37,7,0,0,40,10,0,7N14,VFL 6-24X56,Thermoptic Camouflage Cape,100,,,Locked
46747181,62,AR,★★★★★,Gr G41,100,3263300,-,-,x5,,635,635,55,53,44,77,10,0,0,20,10,0,,,Hi-Performance Tactical Hair Accessory,150,Oathed,2020-02-14 22:26,Locked
46907925,196,AR,★★★★★,Zas M21,100,3263300,-,-,x5,,605,605,58,51,44,74,10,0,0,20,10,0,,,,100,,,Locked
46946961,54,AR,★★★★,M16A1,100,3263300,-,-,x5,,605,605,50,49,47,75,10,0,0,20,10,0,,,,100,,,Locked
47538939,85,MG,★★★★,PK,100,3263300,-,-,x5,,950,950,101,23,25,84,4,0,11,5,10,0,,,,100,,,Locked
47790947,20075,MG,★★★★★,M1918 Mod,115,10083300,0,0,x5,Mod3,800,800,105,36,36,115,4,0,8,5,3,10,,,,100,,,Locked
47813168,181,AR,★★★★★,T91,100,3263300,-,-,x5,,620,620,54,47,49,76,10,0,0,20,1,0,,,,100,,,Locked
48016372,109,MG,★★★★★,Gr MG5,100,3263300,-,-,x5,,990,990,90,29,29,120,4,0,11,5,9,0,,,,100,,,Locked
48179467,137,SMG,★★★★,PP-19-01,100,3263300,-,-,x5,,970,970,29,14,72,85,12,0,0,5,6,0,,,,100,,,Locked
48425919,129,AR,★★★★★,Type95,100,3263300,-,-,x5,,580,580,58,55,49,71,10,0,0,20,9,0,,,,100,,,Locked
48445397,23,SMG,★★★★,PP-90,100,3263300,-,-,x5,,795,795,27,14,91,96,12,0,0,5,4,0,,,,100,,,Locked
49620433,153,SG,★★★★,M37,100,3263300,-,-,x5,,1265,1265,35,13,13,26,6,22,4,40,1,0,,,,100,,,Locked
49620487,20161,SG,★★★★★,Type97S Mod,115,10090212,6912,2193088,x5,Mod3,1345,1345,38,14,15,28,6,22,3,40,10,10,Tactical Riot Shield,,,100,,,Locked
49672995,162,SG,★★★★,SPAS-12,100,3263300,-,-,x5,,1375,1375,35,12,10,32,6,21,4,40,4,0,,,,100,,,Locked
49879987,8,HG,★★★,Makarov,100,3263300,-,-,x5,,315,315,28,65,101,61,15,0,0,20,10,0,,,,100,,,Locked
51310479,121,MG,★★★★,Mk48,100,3263300,-,-,x5,,870,870,95,27,28,112,4,0,10,5,5,0,,,,100,,,Locked
51354567,20143,SMG,★★★★★★,RO635 Mod,115,10400140,316840,1883160,x5,Mod3,1035,1035,34,18,88,97,12,0,0,5,10,10,Beloved Dangle,,,200,Oathed,2020-12-25 15:10,Locked
51677081,104,SMG,★★★★★,Gr G36c,100,3263300,-,-,x5,,1015,1015,34,14,69,83,12,0,0,5,10,0,,,,137,Oathed,2022-05-25 09:26,Locked
51893245,173,MG,★★★★★,PKP,100,3263300,-,-,x5,,825,825,100,33,31,127,4,0,10,5,10,0,M1022 Sniper Rounds,VFL 6-24X56,IOP Maximum Ammo Box,100,,,Locked
52574584,46,RF,★★★★★,Kar98k,100,3263300,-,-,x5,,420,420,149,86,46,34,7,0,0,40,10,0,,PM 5-25X56,Thermoptic Camouflage Cape,150,Oathed,2021-01-01 19:37,Locked
52807682,20001,HG,★★★★★,SAA Mod,116,14275451,0,0,x5,Mod3,415,415,39,53,83,50,15,0,0,20,10,10,SAA Long Barrel,,,100,,,Locked
54125844,106,AR,★★★★★,FAL,100,3263300,-,-,x5,,660,660,60,46,40,72,10,0,0,20,8,0,,,,100,,,Locked
54134403,125,MG,★★★★★,Gr MG4,100,3263300,-,-,x5,,910,910,93,38,38,139,4,0,9,5,10,0,,,,150,Oathed,2022-02-14 09:24,Locked
54253054,177,SMG,★★★★,KLIN,100,3263300,-,-,x5,,950,950,27,12,78,95,12,0,0,5,8,0,,,,100,,,Locked
54284122,166,HG,★★★★★,CZ75,100,3263300,-,-,x5,,330,330,36,66,78,66,15,0,0,20,10,0,,,,100,,,Locked
54462518,179,RF,★★★★★,Gd DSR-50,100,3263300,-,-,x5,,410,410,172,92,35,31,7,0,0,40,10,0,,,,100,,,Locked
54466458,20178,SMG,★★★★,F1 Mod,105,4081120,117820,82180,x5,Mod1,1065,1065,29,15,66,79,12,0,0,5,4,0,,,,100,,,Locked
55719419,20,SMG,★★★★★,Vector,100,3263300,-,-,x5,,925,925,32,12,75,101,12,0,0,5,10,0,#2 Processor,16Lab Hollow-Point,EOT 518,100,,,Locked
55719524,115,SMG,★★★★★,Suomi,100,3263300,-,-,x5,,1100,1100,30,16,59,93,12,0,0,5,10,0,Mk31 Multi-functional Exoskeleton,,,100,,,Locked
55732159,228,SMG,★★★★★,100 Shiki,59,402675,0,0,x3,,504,504,24,10,46,66,12,0,0,5,1,0,,,,100,,,Locked
55732928,112,MG,★★★★★,Negev,100,3263300,-,-,x5,,870,870,89,37,38,139,4,0,9,5,10,0,,,,100,,,Locked
55883633,48,RF,★★★★★,WA2000,100,3263300,-,-,x5,,440,440,143,91,33,39,7,0,0,40,10,0,,SB 2.5-10x56,Thermoptic Camouflage Cape,150,Oathed,2021-04-20 08:42,Locked
55913648,184,RF,★★★★,T-5000,100,3263300,-,-,x5,,450,450,133,90,30,36,7,0,0,40,7,0,,,,100,,,Locked
55914343,197,RF,★★★★★,Carcano M1891,100,3263300,-,-,x5,,400,400,152,94,47,34,7,0,0,40,10,0,,,,150,Oathed,2020-10-20 13:16,Locked
55932404,188,SG,★★★★★,S.A.T.8,100,3263300,-,-,x5,,1410,1410,31,14,13,33,6,22,4,40,10,0,,,,100,,,Locked
56472899,102,SMG,★★★★,UMP40,100,3263300,-,-,x5,,900,900,29,15,79,85,12,0,0,5,5,0,,,,100,,,Locked
56483976,167,HG,★★★,Gr HK45,100,3263300,-,-,x5,,330,330,36,61,84,55,15,0,0,20,1,0,,,,100,,,Locked
56494190,131,SMG,★★★,EVO 3,1,0,0,0,x1,,97,97,10,3,11,65,12,0,0,5,1,0,,,,100,,,Locked
56502827,119,AR,★★★★★,OTs-14,100,3263300,-,-,x5,,550,550,52,57,57,75,10,0,0,20,10,0,,,,100,,,Locked
58040521,176,SMG,★★★,TMP,100,3263300,-,-,x5,,750,750,31,16,85,93,12,0,0,5,6,0,,,,150,Oathed,2021-01-01 19:36,Locked
58053026,96,HG,★★★★★,Grizzly,100,3263300,-,-,x5,,430,430,42,57,73,54,15,0,0,20,10,0,,,MkV Mobility Skeleton,150,Oathed,2022-02-19 14:44,Locked
58215318,100,HG,★★★★,P7,100,3263300,-,-,x5,,315,315,34,66,88,61,15,0,0,20,1,0,,,,100,,,Locked
58738388,183,HG,★★★★★,Contender,100,3263300,-,-,x5,,330,330,49,90,87,44,15,0,0,40,10,0,,,,100,,,Locked
59122517,135,SMG,★★★★★,SR-3MP,100,3263300,-,-,x5,,970,970,33,13,71,90,12,0,0,5,10,0,,,,100,,,Locked
59637926,20136,SMG,★★★★★,PP-19 Mod,119,27837933,3554633,2445367,x5,Mod3,950,950,30,15,84,91,12,0,0,5,10,10,#2 Processor,ILM Hollow-Point Ammo,PT-3 Stock,100,,,Locked
59805892,20114,HG,★★★★★★,Welrod MkⅡ Mod,112,7234360,851060,48940,x5,Mod2,405,405,33,81,106,52,15,0,0,40,10,10,,,,150,Oathed,2022-05-25 12:35,Locked
59831644,35,RF,★★★,M1A1,100,3263300,-,-,x5,,420,420,100,81,45,38,7,0,0,40,1,0,,,,100,,,Locked
61402464,243,AR,★★★★★,64 Shiki,100,3263300,-,-,x5,,625,625,71,66,46,63,10,0,0,20,10,0,,,,100,,,Locked
61404106,194,AR,★★★★★,K2,100,3263300,-,-,x5,,635,635,53,54,45,78,10,0,0,20,10,0,,,,100,,,Locked
61457901,130,AR,★★★★★,Type97,100,3263300,-,-,x5,,580,580,57,54,49,72,10,0,0,20,8,0,,,,100,,,Locked
61458662,196,AR,★★★★★,Zas M21,100,3263300,-,-,x1,,121,121,58,51,44,74,10,0,0,20,1,0,,,,100,,,Locked
61459988,196,AR,★★★★★,Zas M21,100,3263300,-,-,x1,,121,121,58,51,44,74,10,0,0,20,1,0,,,,100,,,Locked
61536192,236,AR,★★★★★,K11,100,3263300,-,-,x5,,675,675,56,57,39,76,10,0,0,20,10,0,,,,100,,,Locked
62010570,172,AR,★★★★★,Am RFB,100,3263300,-,-,x5,,525,525,73,72,52,54,10,0,0,30,10,0,Am RFB Quad Rail,,,100,,,Locked
63290123,165,SG,★★★★,M1014,100,3263300,-,-,x5,,1375,1375,33,13,12,32,6,21,4,40,1,0,,,,100,,,Locked
63296350,222,RF,★★★★★,TAC-50,100,3263300,-,-,x5,,435,435,163,88,33,32,7,0,0,40,10,0,,,,100,,,Locked
63637599,113,HG,★★★,Serdyukov,100,3263300,-,-,x5,,350,350,35,61,72,59,15,0,0,20,2,0,,,,100,,,Locked
65845277,98,HG,★★★★,SPP-1,100,3263300,-,-,x5,,380,380,39,68,83,48,15,0,0,20,10,0,,,,150,Oathed,2021-02-14 18:06,Locked
66439529,9,HG,★★,P38,100,3263300,-,-,x5,,330,330,30,52,86,57,15,0,0,20,1,0,,,,100,,,Locked
66455472,119,AR,★★★★★,OTs-14,100,3263300,-,-,x5,,550,550,52,57,57,75,10,0,0,20,9,0,,,,100,,,Locked
66514858,142,HG,★★★★★,Five-seven,100,3263300,-,-,x5,,315,315,33,60,102,66,15,0,0,20,10,0,,,,100,,,Locked
67082072,114,HG,★★★★★,Welrod MkⅡ,100,3263300,-,-,x5,,400,400,30,75,95,52,15,0,0,40,1,0,,,,100,,,Locked
67246334,120,AR,★★★,ARX-160,100,3263300,-,-,x5,,495,495,52,51,51,73,10,0,0,20,5,0,,,,100,,,Locked
67866531,20097,HG,★★★★★★,M950A Mod,119,24344700,0,0,x5,Mod3,400,400,38,66,89,72,15,0,0,20,10,10,WML & Tactical Handguard,,,200,Oathed,2020-12-25 19:19,Locked
68181995,191,SMG,★★★,M12,73,864435,0,0,x4,,700,700,24,13,52,70,12,0,0,5,1,0,,,,100,,,Locked
68700612,138,AR,★★★,6P62,100,3263300,-,-,x5,,605,605,73,39,35,54,10,0,0,20,8,0,,,,100,,,Locked
69304934,116,SMG,★★★,Z-62,100,3263300,-,-,x5,,840,840,30,16,81,77,12,0,0,5,8,0,,,,100,,,Locked
69440947,170,AR,★★★,ASh-12.7,100,3263300,-,-,x5,,550,550,69,44,38,59,10,0,0,20,1,0,,,,100,,,Locked
69514940,146,RF,★★★★,Gr G28,100,3263300,-,-,x5,,440,440,125,84,31,39,7,0,0,40,5,0,,,,100,,,Locked
70232589,85,MG,★★★★,PK,93,2361044,0,0,x5,,915,915,97,21,24,82,4,0,11,5,6,0,,,,100,,,Locked
70566371,185,MG,★★★★,Ameli,100,3263300,-,-,x5,,705,705,88,40,45,149,4,0,8,5,1,0,,,,100,,,Locked
70581690,1022,SG,★★★★★,Dana Zane,100,3263300,-,-,x5,,1345,1345,40,16,14,26,6,22,1,40,10,0,,,,100,,,Locked
70688551,20122,AR,★★★★★★,Gr G11 Mod,120,30283300,-,-,x5,Mod3,620,620,56,56,51,97,10,0,0,20,10,10,VFL 6-24X56,APCR High-Velocity Ammo,G-box,200,Oathed,2021-04-16 09:21,Locked
70918024,1019,SMG,★★★★★,Dorothy Haze,100,3263300,-,-,x5,,880,880,30,16,92,79,12,0,0,5,10,0,,MIRD Class-5 Rounds,,100,,,Locked
71160405,157,SG,★★★★★,Am KSG,100,3263300,-,-,x5,,1265,1265,31,14,13,30,6,24,5,40,7,0,,,,100,,,Locked
71492456,1021,MG,★★★★★,Alma Armas,100,3263300,-,-,x5,,975,975,94,33,25,129,4,0,9,5,10,0,,,,100,,,Locked
71619608,20221,HG,★★★★,GSh-18 Mod,115,10555095,0,0,x5,Mod3,365,365,36,56,94,58,15,0,0,20,10,6,,7N31,,100,,,Locked
72604629,1018,HG,★★★★★,Sei Asagiri,100,3263300,-,-,x5,,425,425,32,62,81,53,15,0,0,20,10,0,,,White Knight's Armor,100,,,Locked
73029428,201,RF,★★★,Gepard M1,100,3263300,-,-,x5,,440,440,151,81,30,30,7,0,0,40,4,0,,,,100,,,Locked
73220352,1017,HG,★★★★★,Jill Stingray,100,3263300,-,-,x5,,400,400,32,56,101,55,15,0,0,20,10,0,Adelhyde,Adelhyde,Powdered Delta,100,,,Locked
73275736,1020,RF,★★★★★,Stella Hoshii,100,3263300,-,-,x5,,450,450,123,89,38,35,7,0,0,40,10,0,,,,100,,,Locked
73359107,96,HG,★★★★★,Grizzly,100,3263300,-,-,x5,,430,430,40,54,70,54,15,0,0,20,4,0,,,,100,,,Locked
73375302,175,AR,★★★★★,ART556,100,3263300,-,-,x5,,580,580,56,56,52,69,10,0,0,20,5,0,,,,100,,,Locked
74012314,151,SG,★★★★★,M1887,100,3263300,-,-,x5,,1375,1375,41,13,13,22,6,22,4,40,1,0,,,,100,,,Locked
74750726,248,HG,★★★★,Jericho,100,3263300,-,-,x5,,380,380,33,53,68,60,15,0,0,20,1,0,,,,100,,,Locked
76079541,233,HG,★★★★★,Px4 Storm,100,3263300,-,-,x5,,340,340,39,76,103,57,15,0,0,20,10,0,ImpulsIIA/C,,,150,Oathed,2020-11-23 13:18,Locked
76096260,212,HG,★★★★,K5,100,3263300,-,-,x5,,330,330,31,55,86,62,15,0,0,40,10,0,,,,100,,,Locked
76109763,127,SMG,★★★★★,Type79,100,3263300,-,-,x5,,970,970,34,13,74,88,12,0,0,5,5,0,,,,100,,,Locked
76109899,245,SMG,★★★★★,P90,100,3263300,-,-,x5,,950,950,32,16,88,93,12,0,0,5,10,0,,,,100,,,Locked
76110558,237,AR,★★★★,SAR-21,100,3263300,-,-,x5,,580,580,47,49,40,80,10,0,0,20,1,0,,,,100,,,Locked
76110794,247,RF,★★★★,K31,100,3263300,-,-,x5,,390,390,133,82,39,39,7,0,0,40,3,0,,,,100,,,Locked
76112374,238,MG,★★★★★,QJY-88,100,3263300,-,-,x5,,825,825,91,35,37,126,4,0,10,5,6,0,,,,100,,,Locked
76119837,211,RF,★★★★★,SRS,100,3263300,-,-,x5,,435,435,142,87,37,35,7,0,0,40,9,0,,,,100,,,Locked
76175184,99,HG,★★★★,Gr Mk23,100,3263300,-,-,x5,,400,400,31,56,70,63,15,0,0,20,8,0,,,,100,,,Locked
76175237,212,HG,★★★★,K5,90,1982000,0,0,x5,,315,315,29,51,78,60,15,0,0,40,1,0,,,,100,,,Locked
76183686,97,HG,★★★★★,M950A,100,3263300,-,-,x5,,380,380,32,58,72,72,15,0,0,20,5,0,,,,100,,,Locked
76456969,233,HG,★★★★★,Px4 Storm,100,3263300,-,-,x5,,340,340,37,73,98,57,15,0,0,20,7,0,,,,100,,,Locked
77698701,20097,HG,★★★★★★,M950A Mod,110,5723313,0,0,x5,Mod2,395,395,34,59,79,72,15,0,0,20,8,3,,,,100,,,Locked
77912041,163,SG,★★★★★,AA-12,100,3263300,-,-,x5,,1345,1345,32,13,12,39,6,22,5,40,8,0,,,,100,,,Locked
78638004,182,RF,★★★,wz.29,100,3263300,-,-,x5,,485,485,119,69,35,32,7,0,0,40,1,0,,,,100,,,Locked
79107662,128,RF,★★★★★,M99,100,3263300,-,-,x5,,440,440,165,86,34,32,7,0,0,40,3,0,,,,100,,,Locked
79109322,20095,RF,★★★★,Type88 Mod,120,30283300,-,-,x5,Mod3,520,520,136,80,45,37,7,0,0,40,10,10,Magnetic Accelerated Rounds,Acceleration Coil,Thermoptic Camouflage Cape,200,Oathed,2020-11-04 10:01,Locked
79119577,198,RF,★★★★★,Carcano M91/38,100,3263300,-,-,x5,,365,365,161,99,49,34,7,0,0,40,10,0,M1022 Sniper Rounds,16Lab 6-24X56,Thermoptic Camouflage Cape,150,Oathed,2021-05-13 19:18,Locked
79121834,20103,SMG,★★★★★,UMP45 Mod,105,4067930,104630,95370,x5,Mod1,960,960,30,15,79,82,12,0,0,5,5,0,,,,100,,,Locked
79124283,101,SMG,★★★★,UMP9,91,2193997,0,0,x5,,840,840,26,14,74,84,12,0,0,5,4,0,,,,100,,,Locked
79138615,213,SMG,★★★★★,C-MS,100,3263300,-,-,x5,,925,925,36,17,83,87,12,0,0,5,10,0,,,,150,Oathed,2020-11-11 23:40,Locked
79146692,215,AR,★★★★★,MDR,100,3263300,-,-,x5,,595,595,59,53,44,76,10,0,0,20,10,0,,,,100,,,Locked
79338190,186,HG,★★★,P226,100,3263300,-,-,x5,,365,365,31,61,67,61,15,0,0,20,1,0,,,,100,,,Locked
82234262,20081,MG,★★★★,LWMMG Mod,115,10743812,660512,1539488,x5,Mod3,885,885,118,32,28,92,4,0,10,5,10,10,,,,200,Oathed,2021-01-06 13:41,Locked
82947022,233,HG,★★★★★,Px4 Storm,96,2734120,0,0,x5,,330,330,36,71,95,56,15,0,0,20,6,0,,,,100,,,Locked
83552228,73,AR,★★★★★,AUG,100,3263300,-,-,x5,,605,605,58,60,49,75,10,0,0,30,10,0,,,,100,,,Locked
83947770,183,HG,★★★★★,Contender,100,3263300,-,-,x5,,330,330,49,90,87,44,15,0,0,40,4,0,,,,100,,,Locked
84112758,193,AR,★★★,T65,100,3263300,-,-,x5,,620,620,57,47,42,76,10,0,0,20,7,0,,,,100,,,Locked
85495285,233,HG,★★★★★,Px4 Storm,90,1976028,0,0,x5,,320,320,35,67,90,55,15,0,0,20,1,0,,,,100,,,Locked
87894789,20002,HG,★★★★,M1911 Mod,115,11867683,0,0,x5,Mod3,370,370,30,54,81,58,15,0,0,20,5,8,,XM261 ACP,,100,,,Locked
89032626,126,HG,★★★★★,NZ75,100,3263300,-,-,x5,,365,365,35,66,78,63,15,0,0,20,5,0,,,,100,,,Locked
89342429,220,HG,★★★,MP-443,100,3263300,-,-,x5,,350,350,35,56,75,59,15,0,0,20,10,0,,,,100,,,Locked
89531025,207,AR,★★★★,CZ2000,100,3263300,-,-,x5,,550,550,51,47,49,78,10,0,0,20,10,0,,,,100,,,Locked
89597606,142,HG,★★★★★,Five-seven,100,3263300,-,-,x5,,315,315,33,60,102,66,15,0,0,20,6,0,,,,100,,,Locked
90004918,20049,RF,★★★★,Type56R Mod,115,10153186,0,0,x5,Mod3,475,475,127,81,43,37,7,0,0,40,10,10,Custom Tracer Rounds,VFL 6-24X56,Thermoptic Camouflage Cape,193,Oathed,2021-07-22 12:03,Locked
90104680,80,MG,★★★,M1919A4,100,3263300,-,-,x5,,910,910,101,28,24,99,4,0,9,5,6,0,,Special Steel Buttstock,,100,,,Locked
90450423,205,AR,★★★★★,AN-94,100,3263300,-,-,x5,,580,580,61,74,53,76,10,0,0,20,10,0,,,,150,Oathed,2020-12-20 20:39,Locked
90474867,206,AR,★★★★★,AK-12,100,3263300,-,-,x5,,550,550,59,66,55,78,10,0,0,20,10,0,,,,100,,,Locked
91099274,208,MG,★★★★★,HMG21,100,3263300,-,-,x5,,845,845,97,31,35,135,4,0,10,5,4,0,,,,100,,,Locked
91330387,28,SMG,★★★★★,Gr MP7,100,3263300,-,-,x5,,990,990,32,14,73,91,12,0,0,5,10,0,,,,100,,,Locked
91353202,204,RF,★★★★★,Ballista,100,3263300,-,-,x5,,410,410,146,97,37,36,7,0,0,40,4,0,,,,100,,,Locked
91616761,203,SMG,★★★★,Honey Badger,100,3263300,-,-,x5,,990,990,35,14,63,82,12,0,0,5,10,0,,,,100,,,Locked
91729996,142,HG,★★★★★,Five-seven,1,0,0,0,x1,,32,32,12,8,13,44,15,0,0,20,1,0,,,,100,,,Locked
92182896,77,MG,★★★,M2HB,92,2247867,0,0,x5,,1030,1030,102,18,16,98,4,0,10,5,5,0,,,,100,,,Locked
92184999,202,HG,★★★★,Thunder,100,3263300,-,-,x5,,430,430,49,60,63,37,15,0,0,40,6,0,,,,100,,,Locked
93864947,192,RF,★★★★★,JS05,100,3263300,-,-,x5,,450,450,166,93,34,31,7,0,0,40,1,0,,,,100,,,Locked
94587525,142,HG,★★★★★,Five-seven,100,3263300,-,-,x5,,315,315,33,60,102,66,15,0,0,20,2,0,,,,100,,,Locked
94604435,142,HG,★★★★★,Five-seven,1,0,0,0,x1,,32,32,12,8,13,44,15,0,0,20,1,0,,,,100,,,Locked
94661970,142,HG,★★★★★,Five-seven,70,705540,0,0,x4,,216,216,27,45,75,59,15,0,0,20,1,0,,,,100,,,Locked
95780495,195,MG,★★★,Gr MG23,100,3263300,-,-,x5,,745,745,84,36,36,135,4,0,9,5,1,0,,,,100,,,Locked
95981879,200,RF,★★★★,XM3,100,3263300,-,-,x5,,410,410,143,99,36,35,7,0,0,40,10,0,,,,150,Oathed,2021-06-09 23:49,Locked
96432479,209,SMG,★★★,OTs-39,1,0,0,0,x1,,96,96,12,3,11,52,12,0,0,5,1,0,,,,100,,,Locked
97796812,97,HG,★★★★★,M950A,100,3263300,-,-,x5,,380,380,32,58,72,72,15,0,0,20,1,0,,,,100,,,Locked
99621862,230,RF,★★★,OBR,100,3263300,-,-,x5,,405,405,123,84,34,37,7,0,0,40,7,0,,,,100,,,Locked
100378648,210,HG,★★★,CZ52,100,3263300,-,-,x5,,380,380,35,53,72,53,15,0,0,20,1,0,,,,100,,,Locked
101055753,257,RF,★★★★★,M200,94,2513979,0,0,x5,,430,430,146,96,32,33,7,0,0,40,10,0,,,,100,,,Locked
101139778,20051,RF,★★★★,FF FN49 Mod,115,10083300,0,2200000,x5,Mod3,475,475,125,67,35,34,7,0,0,40,1,1,,,,100,,,Locked
102012037,145,RF,★★★,OTs-44,100,3263300,-,-,x5,,400,400,165,71,34,32,7,0,0,40,1,0,,,,100,,,Locked
102478178,15,HG,★★★,G17,1,0,0,0,x1,,32,32,12,9,13,42,15,0,0,20,1,0,,,,100,,,Locked
102672843,20039,RF,★★★★★,Mosin-Nagant Mod,119,24301982,0,0,x5,Mod3,455,455,157,103,46,31,7,0,0,40,10,10,,K6-24X56,Hayha Memory Chip,200,Oathed,2021-01-29 19:31,Locked
103624247,217,RF,★★★,SM-1,100,3263300,-,-,x5,,405,405,100,83,42,40,7,0,0,40,1,0,,,,100,,,Locked
103812918,225,SMG,★★★★,Cx4 Storm,100,3263300,-,-,x5,,900,900,36,17,78,64,12,0,0,5,1,0,,,,100,,,Locked
104205647,59,SMG,★★★★★,AK-74U,100,3263300,-,-,x5,,970,970,37,14,71,83,12,0,0,5,10,0,,,,100,,,Locked
104450618,239,AR,★★★,Type03,50,234990,0,0,x3,,261,261,37,29,24,61,10,0,0,20,1,0,,,,100,,,Locked
104519555,4,HG,★★★★★,Python,100,3263300,-,-,x5,,350,350,44,90,91,49,15,0,0,40,10,0,PEQ-16A,16Lab Hollow-Point,,150,Oathed,2020-10-18 11:40,Locked
104576260,4,HG,★★★★★,Python,100,3263300,-,-,x5,,350,350,42,86,87,49,15,0,0,40,10,0,,,,100,,,Locked
104580979,4,HG,★★★★★,Python,90,1977400,0,0,x5,,330,330,39,78,79,47,15,0,0,40,3,0,,,,100,,,Locked
104718961,4,HG,★★★★★,Python,1,0,0,0,x1,,35,35,14,10,10,31,15,0,0,40,1,0,,,,100,,,Locked
104721032,4,HG,★★★★★,Python,1,0,0,0,x1,,35,35,14,10,10,31,15,0,0,40,1,0,,,,100,,,Locked
104734628,4,HG,★★★★★,Python,1,0,0,0,x1,,35,35,13,9,9,31,15,0,0,40,1,0,,,,50,,,Locked
105080145,229,SG,★★★★★,M870,100,3263300,-,-,x5,,1320,1320,35,14,13,29,6,23,4,40,10,0,,,,100,,,Locked
105298911,227,AR,★★★★,A-91,100,3263300,-,-,x5,,565,565,55,53,39,75,10,0,0,20,1,0,,,,100,,,Locked
105415827,79,MG,★★★,FF M249SAW,100,3263300,-,-,x5,,785,785,83,37,38,139,4,0,8,5,10,0,,,,100,,,Locked
106088883,226,RF,★★★★,Mk 12,100,3263300,-,-,x5,,405,405,107,87,34,46,7,0,0,40,10,0,,,,100,,,Locked
106374802,99,HG,★★★★,Gr Mk23,100,3263300,-,-,x5,,400,400,31,56,70,63,15,0,0,20,6,0,,,,100,,,Locked
106538809,231,RF,★★★★★,M82A1,100,3263300,-,-,x5,,440,440,166,81,32,34,7,0,0,40,10,0,,,,100,,,Locked
106735328,198,RF,★★★★★,Carcano M91/38,100,3263300,-,-,x5,,365,365,154,95,47,34,7,0,0,40,10,0,,,,100,,,Locked
109230193,198,RF,★★★★★,Carcano M91/38,100,3263300,-,-,x5,,365,365,154,95,47,34,7,0,0,40,10,0,,,,100,,,Locked
109744756,269,HG,★★★★,Gr P30,100,3263300,-,-,x5,,350,350,34,66,90,55,15,0,0,20,10,0,,,,100,,,Locked
110146134,256,RF,★★★,Falcon,100,3263300,-,-,x5,,440,440,147,75,30,32,7,0,0,40,1,0,,,,100,,,Locked
110147015,214,AR,★★★★★,ADS,100,3263300,-,-,x5,,605,605,55,60,50,78,10,0,0,20,10,0,,,,150,Oathed,2020-06-15 17:24,Locked
110147275,270,RF,★★★★,4 Shiki,100,3263300,-,-,x5,,420,420,118,78,39,39,7,0,0,40,10,0,Arisaka AP Rounds,,,100,,,Locked
110148700,261,RF,★★★★★,QBU-88,100,3263300,-,-,x5,,420,420,133,92,44,42,7,0,0,40,10,0,,,,100,,,Locked
110251794,20007,HG,★★★★★,Stechkin Mod,100,3272300,0,0,x5,Mod1,415,415,33,52,70,65,15,0,0,20,10,0,Stechkin Buttstock,,,100,,,Locked
110562772,218,SMG,★★★,T77,1,0,0,0,x1,,93,93,11,3,11,66,12,0,0,5,1,0,,,,100,,,Locked
110941587,189,SG,★★★★,USAS-12,100,3263300,-,-,x5,,1300,1300,31,12,11,37,6,22,5,40,4,0,,,,100,,,Locked
112876648,197,RF,★★★★★,Carcano M1891,90,2050845,0,0,x5,,380,380,136,81,40,33,7,0,0,40,4,0,,,,100,,,Locked
112903982,99,HG,★★★★,Gr Mk23,97,2855130,0,0,x5,,390,390,30,55,68,63,15,0,0,20,1,0,,,,100,,,Locked
113532734,139,HG,★★,Bren Ten,100,3263300,-,-,x5,,350,350,33,54,67,58,15,0,0,20,1,0,,,,100,,,Locked
113556689,90,HG,★★,FF FNP9,100,3263300,-,-,x5,,300,300,30,56,88,61,15,0,0,20,1,0,,,,100,,,Locked
113612872,223,AR,★★★,Model L,100,3263300,-,-,x5,,550,550,53,48,44,73,10,0,0,20,1,0,,,,100,,,Locked
113809318,234,SMG,★★★★★,JS 9,100,3263300,-,-,x5,,900,900,29,16,91,89,12,0,0,5,10,0,,,,100,,,Locked
114095476,241,RF,★★★,RT-20,1,0,0,0,x1,,45,45,59,11,5,18,7,0,0,40,1,0,,,,100,,,Locked
115383581,1009,HG,★★★★★,El Clear,100,3263300,-,-,x5,,330,330,33,66,93,61,15,0,0,20,10,0,Glorylight,,,100,,,Locked
115655246,1010,HG,★★★★★,El Fail,100,3263300,-,-,x5,,330,330,33,66,93,61,15,0,0,20,10,0,Black Cat,,,100,,,Locked
116259532,99,HG,★★★★,Gr Mk23,95,2703192,0,0,x5,,390,390,30,54,67,62,15,0,0,20,1,0,,,,100,,,Locked
117299630,198,RF,★★★★★,Carcano M91/38,100,3263300,-,-,x5,,365,365,154,95,47,34,7,0,0,40,10,0,,,,100,,,Locked
119063326,266,RF,★★★★★,R93,100,3263300,-,-,x5,,405,405,147,107,38,39,7,0,0,40,10,0,M1022 Sniper Rounds,VFL 6-24X56,Thermoptic Camouflage Cape,150,Oathed,2020-10-18 12:57,Locked
119514460,164,SG,★★★★★,FP-6,100,3263300,-,-,x5,,1300,1300,33,14,13,28,6,24,4,40,6,0,,,,100,,,Locked
119771617,232,HG,★★★,MP-448,100,3263300,-,-,x5,,320,320,28,66,104,60,15,0,0,20,1,0,,,,100,,,Locked
120140241,20063,AR,★★★★,Gr G3 Mod,115,10083300,0,2200000,x5,Mod3,565,565,61,57,41,64,10,0,0,20,6,3,,,,100,,,Locked
121517967,84,MG,★★★,RPD,100,3263300,-,-,x5,,825,825,87,36,36,121,4,0,8,5,4,0,,,,100,,,Locked
121518538,132,HG,★★★,Type59,100,3263300,-,-,x5,,300,300,30,65,101,61,15,0,0,20,5,0,,,,100,,,Locked
123152195,183,HG,★★★★★,Contender,1,0,0,0,x1,,33,33,14,9,9,27,15,0,0,40,1,0,,,,50,,,Locked
123267949,168,HG,★★★★,Spitfire,100,3263300,-,-,x5,,350,350,35,63,75,59,15,0,0,20,1,0,,,,100,,,Locked
123630637,244,HG,★★★,TEC-9,100,3263300,-,-,x5,,415,415,30,49,67,63,15,0,0,20,1,0,,,,100,,,Locked
123793543,255,RF,★★★,Scout,1,0,0,0,x1,,45,45,46,11,6,24,7,0,0,40,1,0,,,,100,,,Locked
123862405,20032,SMG,★★★★,Micro Uzi Mod,120,30283300,-,-,x5,Mod3,885,885,28,14,88,104,12,0,0,5,10,10,,,MPL M21,100,,,Locked
124080984,260,HG,★★★★★,PA-15,100,3263300,-,-,x5,,350,350,37,69,80,64,15,0,0,20,8,0,,,,100,,,Locked
124396103,264,MG,★★★★,Chauchat,100,3263300,-,-,x5,,870,870,108,36,32,81,4,0,9,5,1,0,,,,100,,,Locked
124396211,262,AR,★★★★,EM-2,100,3263300,-,-,x5,,595,595,60,51,51,61,10,0,0,20,10,0,,,,100,,,Locked
124601324,263,MG,★★★★★,Gr MG36,100,3263300,-,-,x5,,910,910,90,36,38,129,4,0,10,5,1,0,,,,100,,,Locked
125759840,20093,SMG,★★★★,IDW Mod,110,5285800,22500,457500,x5,Mod2,760,760,29,17,95,75,12,0,0,5,1,1,,,,100,,,Locked
126045752,242,HG,★★★★★,P22,100,3263300,-,-,x5,,350,350,31,73,121,62,15,0,0,20,10,0,,,,150,Oathed,2021-01-01 19:39,Locked
126058083,20252,RF,★★★★★,KSVK Mod,118,19523044,0,0,x5,Mod3,450,450,190,99,36,32,7,0,0,40,10,10,12.7mm 1SL,VFL 6-24X56,Thermoptic Camouflage Cape,200,Oathed,2020-12-25 13:24,Locked
126197168,242,HG,★★★★★,P22,100,3263300,-,-,x5,,350,350,30,70,116,62,15,0,0,20,10,0,,,,100,,,Locked
126225075,242,HG,★★★★★,P22,100,3263300,-,-,x5,,350,350,30,70,116,62,15,0,0,20,8,0,,,,100,,,Locked
126249857,242,HG,★★★★★,P22,100,3263300,-,-,x5,,350,350,30,70,116,62,15,0,0,20,10,0,,,,100,,,Locked
126399003,251,SMG,★★★★★,X95,100,3263300,-,-,x5,,970,970,38,15,74,90,12,0,0,5,10,0,,,,150,Oathed,2020-11-11 23:37,Locked
126435772,242,HG,★★★★★,P22,91,2136282,0,0,x5,,335,335,29,63,108,60,15,0,0,20,8,0,,,,100,,,Locked
126458844,253,MG,★★★★★,Lewis,100,3263300,-,-,x5,,950,950,108,33,33,116,4,0,10,5,10,0,,,,100,,,Locked
126537783,242,HG,★★★★★,P22,90,1996890,0,0,x5,,330,330,28,63,107,60,15,0,0,20,8,0,,,,100,,,Locked
126541426,254,MG,★★★★,UKM-2000,100,3263300,-,-,x5,,845,845,95,28,28,115,4,0,11,5,1,0,,,,100,,,Locked
126545813,250,HG,★★★★★,HS2000,100,3263300,-,-,x5,,360,360,35,65,92,62,15,0,0,20,10,0,RMR T4 Red Dot Sight,16Lab Hollow-Point,IOP X4 Exoskeleton,100,,,Locked
127069392,250,HG,★★★★★,HS2000,100,3263300,-,-,x5,,360,360,35,65,92,62,15,0,0,20,10,0,,,,100,,,Locked
127873319,250,HG,★★★★★,HS2000,90,2022164,0,0,x5,,340,340,33,58,83,60,15,0,0,20,9,0,,,,100,,,Locked
128165449,258,AR,★★★,Magal,100,3263300,-,-,x5,,580,580,50,50,46,70,10,0,0,20,1,0,,,,100,,,Locked
128260835,180,RF,★★★★,PzB39,100,3263300,-,-,x5,,420,420,156,75,33,32,7,0,0,40,1,0,,,,100,,,Locked
128266282,134,AR,★★★,AR70,1,0,0,0,x1,,55,55,19,7,6,48,10,0,0,20,1,0,,,,100,,,Locked
128327335,147,RF,★★★,SSG 69,1,0,0,0,x1,,40,40,50,11,6,20,7,0,0,40,1,0,,,,100,,,Locked
128624224,240,MG,★★★★,Mk46,100,3263300,-,-,x5,,810,810,82,36,38,142,4,0,9,5,1,0,,,,100,,,Locked
129157518,265,AR,★★★,Gr HK33,100,3263300,-,-,x5,,525,525,52,54,49,73,10,0,0,20,1,0,,,,100,,,Locked
129521025,160,SG,★★★★★,Saiga-12,100,3263300,-,-,x5,,1320,1320,31,13,12,35,6,23,5,40,1,0,,,,100,,,Locked
132103762,267,SMG,★★★,MP41,25,30000,0,0,x2,,242,242,17,6,23,58,12,0,0,5,1,0,,,,100,,,Locked
132325288,20154,SG,★★★★,M500 Mod,118,22092900,0,0,x5,Mod3,1350,1350,35,13,12,30,6,22,4,40,8,10,,,MGP Upgrade Kit,100,,,Locked
132997878,20094,SMG,★★★★,Type64 Mod,110,5263300,0,0,x5,Mod2,895,895,30,13,73,93,12,0,0,5,1,1,,,,100,,,Locked
134933899,277,HG,★★★,Gr VP70,100,3263300,-,-,x5,,330,330,33,57,79,60,15,0,0,20,1,0,,,,100,,,Locked
135156045,66,AR,★★★★,Type56-1,100,3263300,-,-,x5,,690,690,56,37,37,69,10,0,0,20,1,0,,,,100,,,Locked
135156095,286,SMG,★★★★,K-PDW,100,3263300,-,-,x5,,900,900,35,15,75,81,12,0,0,5,4,0,,,,100,,,Locked
135156358,287,AR,★★★★★,SIG-556,100,3263300,-,-,x5,,605,605,54,49,48,76,10,0,0,20,1,0,,,,100,,,Locked
135156717,288,AR,★★★★,CR-21,98,3071100,0,0,x5,,545,545,51,54,45,80,10,0,0,20,1,0,,,,100,,,Locked
135179787,183,HG,★★★★★,Contender,1,0,0,0,x1,,33,33,14,9,9,27,15,0,0,40,1,0,,,,50,,,Locked
135184108,285,HG,★★★★★,C-93,100,3263300,-,-,x5,,315,315,35,66,103,64,15,0,0,20,10,0,,,,100,,,Locked
136349145,268,RF,★★★,T-CMS,100,3263300,-,-,x5,,440,440,126,79,29,37,7,0,0,40,1,0,,,,100,,,Locked
137442585,144,SMG,★★★,MT-9,1,0,0,0,x1,,102,102,11,3,10,63,12,0,0,5,1,0,,,,100,,,Locked
137443728,174,RF,★★★,Type81R,100,3263300,-,-,x5,,375,375,130,83,44,32,7,0,0,40,1,0,,,,100,,,Locked
137443928,20124,RF,★★★★,Super SASS Mod,115,10083300,0,0,x5,Mod3,450,450,131,76,32,40,7,0,0,40,10,10,,,,100,,,Locked
137493932,68,AR,★★,L85A1,100,3263300,-,-,x5,,470,470,49,46,46,78,10,0,0,20,1,0,,,,100,,,Locked
137501135,21,SMG,★★,PPSh-41,100,3263300,-,-,x5,,970,970,28,12,59,93,12,0,0,5,1,0,,,,100,,,Locked
137582346,33,SMG,★★,m45,100,3263300,-,-,x5,,925,925,32,13,66,74,12,0,0,5,1,0,,,,100,,,Locked
137619453,111,MG,★★,AAT-52,100,3263300,-,-,x5,,910,910,83,26,24,118,4,0,10,5,1,0,,,,100,,,Locked
137642428,159,SG,★★★,RMB-93,100,3263300,-,-,x5,,1210,1210,32,12,14,28,6,22,4,40,10,0,,,,100,,,Locked
137699289,187,AR,★★★★,Ak 5,100,3263300,-,-,x5,,580,580,54,51,40,75,10,0,0,20,10,0,,,,100,,,Locked
137723817,156,SG,★★★★,Super-Shorty,100,3263300,-,-,x5,,1210,1210,30,15,20,30,6,20,3,40,3,0,,,,100,,,Locked
137805539,1023,SMG,★★★★★,Henrietta,100,3263300,-,-,x5,,950,950,32,16,88,93,12,0,0,5,8,0,,,,100,,,Locked
137812496,1027,AR,★★★★★,Angelica,100,3263300,-,-,x5,,605,605,58,60,49,75,10,0,0,30,10,0,,,Fairy Tale Picture Books,100,,,Locked
137900951,1026,MG,★★★★★,Claes,100,3263300,-,-,x5,,785,785,83,37,38,139,4,0,8,5,2,0,,,,100,,,Locked
138026615,1024,RF,★★★★★,Rico,100,3263300,-,-,x5,,400,400,143,88,37,37,7,0,0,40,10,0,,VFL 6-24X56,Duelling Cards,150,Oathed,2020-12-20 15:06,Locked
138280203,1025,SG,★★★★★,Triela,100,3263300,-,-,x5,,1265,1265,39,13,13,26,6,21,4,40,3,0,,,,100,,,Locked
138752255,271,MG,★★★,K3,100,3263300,-,-,x5,,825,825,82,32,37,134,4,0,9,5,1,0,,,,100,,,Locked
138874591,1027,AR,★★★★★,Angelica,1,0,0,0,x1,,61,61,20,8,7,50,10,0,0,30,1,0,,,,100,,,Locked
139413002,1027,AR,★★★★★,Angelica,1,0,0,0,x1,,61,61,19,7,6,50,10,0,0,30,1,0,,,,50,,,Locked
139464345,1027,AR,★★★★★,Angelica,1,0,0,0,x1,,61,61,20,8,7,50,10,0,0,30,1,0,,,,100,,,Locked
139476550,78,MG,★★★★,M60,100,3263300,-,-,x5,,910,910,97,28,28,111,4,0,9,5,1,0,,,,100,,,Locked
139521128,224,SMG,★★★★★,PM-06,100,3263300,-,-,x5,,950,950,31,16,79,83,12,0,0,5,1,0,,,,100,,,Locked
139859436,150,SMG,★★★★,Shipka,100,3263300,-,-,x5,,840,840,26,15,83,95,12,0,0,5,1,0,,,,100,,,Locked
140102684,1026,MG,★★★★★,Claes,1,0,0,0,x1,,79,79,28,5,5,90,4,0,8,5,1,0,,,,100,,,Locked
140106826,1026,MG,★★★★★,Claes,1,0,0,0,x1,,79,79,28,5,5,90,4,0,8,5,1,0,,,,100,,,Locked
140106844,1027,AR,★★★★★,Angelica,1,0,0,0,x1,,61,61,20,8,7,50,10,0,0,30,1,0,,,,100,,,Locked
140325377,20089,MG,★★★★,Bren Mod,110,5263300,0,480000,x5,Mod2,880,880,101,35,31,103,4,0,8,5,1,1,,,,100,,,Locked
140628542,169,SMG,★★★,SCW,100,3263300,-,-,x5,,840,840,32,13,72,91,12,0,0,5,1,0,,,,100,,,Locked
140693830,88,MG,★★★★,MG3,100,3263300,-,-,x5,,990,990,90,28,23,130,4,0,10,5,8,0,,,,100,,,Locked
141380681,20252,RF,★★★★★,KSVK Mod,110,5263300,0,480000,x5,Mod2,450,450,172,90,32,32,7,0,0,40,1,1,,,,100,,,Locked
141974824,107,AR,★★,FF F2000,100,3263300,-,-,x5,,525,525,45,47,42,81,10,0,0,20,1,0,,,,100,,,Locked
141987626,20071,AR,★★★★,Galil Mod,115,10083300,0,0,x5,Mod3,630,630,56,52,47,66,10,0,0,20,10,10,,,,100,,,Locked
142021074,279,AR,★★★,INSAS,98,3068781,0,0,x5,,545,545,51,54,48,70,10,0,0,20,1,0,,,,100,,,Locked
142293677,278,SG,★★★,Six12,100,3263300,-,-,x5,,1210,1210,36,14,14,30,6,20,4,40,1,0,,,,100,,,Locked
142334507,275,MG,★★★★,M1895 CB,100,3263300,-,-,x5,,950,950,95,28,25,131,4,0,10,5,10,0,,,,100,,,Locked
142449719,276,MG,★★★★★,Kord,100,3263300,-,-,x5,,990,990,120,25,24,110,4,0,9,5,10,0,,,,150,Oathed,2021-01-01 19:47,Locked
142459055,276,MG,★★★★★,Kord,100,3263300,-,-,x5,,990,990,115,24,23,110,4,0,9,5,10,0,,,,100,,,Locked
142489833,272,HG,★★★★★,Desert Eagle,100,3263300,-,-,x5,,365,365,46,63,73,55,15,0,0,40,10,0,,,,150,Oathed,2020-12-07 08:35,Locked
142644656,273,RF,★★★★,SSG3000,100,3263300,-,-,x5,,440,440,133,81,32,37,7,0,0,40,10,0,,,,100,,,Locked
143373609,274,AR,★★★★★,ACR,100,3263300,-,-,x5,,580,580,57,57,51,77,10,0,0,30,10,0,,,,100,,,Locked
143584516,276,MG,★★★★★,Kord,90,1990300,0,0,x5,,940,940,108,21,20,107,4,0,9,5,9,0,,,,100,,,Locked
144447972,155,SG,★★★★,M590,100,3263300,-,-,x5,,1320,1320,34,12,11,31,6,22,4,40,1,0,,,,100,,,Locked
145263255,284,RF,★★★,Zas M76,100,3263300,-,-,x5,,420,420,116,82,37,37,7,0,0,40,1,0,,,,100,,,Locked
145393237,65,AR,★★★★★,416,91,2156553,0,0,x5,,580,580,51,46,44,74,10,0,0,20,1,0,,,,100,,,Locked
145875140,140,HG,★★★,PSM,1,0,0,0,x1,,29,29,9,9,14,42,15,0,0,20,1,0,,,,100,,,Locked
146889420,283,SG,★★★★,Liberator,100,3263300,-,-,x5,,1155,1155,38,13,16,30,6,21,4,40,1,0,,,,100,,,Locked
147298859,92,SMG,★★,Spectre M4,100,3263300,-,-,x5,,880,880,27,13,70,88,12,0,0,5,1,0,,,,100,,,Locked
147357920,6,HG,★★★,Tokarev,100,3263300,-,-,x5,,430,430,33,50,70,52,15,0,0,20,1,0,,,,100,,,Locked
147463774,13,HG,★★★,Type92,100,3263300,-,-,x5,,315,315,33,49,84,61,15,0,0,20,1,0,,,,100,,,Locked
147886487,291,SMG,★★★,43M,100,3263300,-,-,x5,,925,925,32,14,59,89,12,0,0,5,1,0,,,,100,,,Locked
148320206,280,SMG,★★★★,MAT-49,100,3263300,-,-,x5,,925,925,31,15,77,80,12,0,0,5,2,0,,,,100,,,Locked
148998418,1028,SMG,★★★★★,Agent Vector,100,3263300,-,-,x5,,925,925,32,12,75,101,12,0,0,5,10,0,Go-Bag "V",.45 Hollow Point Ammo (Incendiary),Osprey 45 Silencer,100,,,Locked
149249834,1029,AR,★★★★★,Agent 416,100,3263300,-,-,x5,,605,605,54,49,47,76,10,0,0,20,10,0,ACOG (4X),556 High-Velocity Ammo (Explosive),416's Go-Bag,100,,,Locked
151192066,299,SG,★★★,HSM10,100,3263300,-,-,x5,,1235,1235,36,14,13,27,6,21,4,40,1,0,,,,100,,,Locked
152193011,298,AR,★★★,Vepr,99,3155965,0,0,x5,,550,550,51,51,49,71,10,0,0,20,3,0,,,,100,,,Locked
153241885,259,SMG,★★★★★,PM-9,100,3263300,-,-,x5,,880,880,30,14,90,102,12,0,0,5,5,0,,,,100,,,Locked
153246491,235,RF,★★★★,SPR A3G,100,3263300,-,-,x5,,435,435,137,88,33,35,7,0,0,40,1,0,,,,100,,,Locked
153247544,198,RF,★★★★★,Carcano M91/38,100,3263300,-,-,x5,,365,365,154,95,47,34,7,0,0,40,10,0,,,,100,,,Locked
153247545,20095,RF,★★★★,Type88 Mod,110,5590318,327018,152982,x5,Mod2,515,515,122,72,40,37,7,0,0,40,10,8,Magnetic Accelerated Rounds,,,100,,,Locked
153413715,300,MG,★★★,CAR,100,3263300,-,-,x5,,825,825,98,34,31,112,4,0,8,5,1,0,,,,100,,,Locked
153459764,20026,SMG,★★★★★,Gr MP5 Mod,110,5396350,133050,346950,x5,Mod2,895,895,33,15,74,90,12,0,0,5,10,8,,,,100,,,Locked
154793116,158,SG,★★★,KS-23,100,3263300,-,-,x5,,1375,1375,42,10,11,25,6,21,3,40,1,0,,,,100,,,Locked
155827290,301,SMG,★★★,MAS-38,100,3263300,-,-,x5,,950,950,28,14,76,83,12,0,0,5,1,0,,,,100,,,Locked
156286861,294,HG,★★★★★,Webley,100,3263300,-,-,x5,,430,430,31,70,86,57,15,0,0,20,10,0,,,,100,,,Locked
156529295,295,SMG,★★★★,CF-05,100,3263300,-,-,x5,,950,950,28,14,77,87,12,0,0,5,6,0,,,,100,,,Locked
156917720,297,AR,★★★★,FI M82,100,3263300,-,-,x5,,565,565,54,48,49,75,10,0,0,20,3,0,,,,100,,,Locked
157522215,296,RF,★★★★★,Gr SL8,100,3263300,-,-,x5,,425,425,126,82,41,41,7,0,0,40,8,0,,,,100,,,Locked
157637324,307,MG,★★★★★,ZB-26,100,3263300,-,-,x5,,910,910,105,32,33,116,4,0,9,5,10,0,,,,100,,,Locked
157637581,292,MG,★★★★★,RPK-16,100,3263300,-,-,x5,,825,825,90,39,38,129,4,0,10,5,10,0,,,,100,,,Locked
157639025,293,AR,★★★★★,AK-15,100,3263300,-,-,x5,,550,550,64,58,57,77,10,0,0,20,10,0,,,,150,Oathed,2022-03-14 10:52,Locked
157820894,275,MG,★★★★,M1895 CB,1,0,0,0,x1,,95,95,36,5,4,90,4,0,10,5,1,0,,,,100,,,Locked
158431046,282,SG,★★★★★,DP-12,100,3263300,-,-,x5,,1265,1265,33,14,14,30,6,23,5,40,10,0,,,,100,,,Locked
158438308,281,SG,★★★★★,CAWS,100,3263300,-,-,x5,,1235,1235,32,13,14,35,6,23,5,40,6,0,,,,100,,,Locked
158967436,289,AR,★★★★★,R5,100,3263300,-,-,x5,,620,620,58,57,46,76,10,0,0,20,10,0,,,,100,,,Locked
159024772,309,HG,★★★,WKp,100,3263300,-,-,x5,,400,400,44,52,69,44,15,0,0,20,1,0,,,,100,,,Locked
159491157,38,RF,★★★,M21,100,3263300,-,-,x5,,465,465,124,78,29,35,7,0,0,40,1,0,,,,100,,,Locked
159564708,216,AR,★★★★,XM8,100,3263300,-,-,x5,,540,540,51,49,45,79,10,0,0,20,3,0,,,,100,,,Locked
161177102,303,HG,★★★★★,HP-35,100,3263300,-,-,x5,,380,380,33,68,94,58,15,0,0,20,10,0,,,,100,,,Locked
161444483,304,SMG,★★★★,SAF,100,3263300,-,-,x5,,900,900,27,15,73,99,12,0,0,5,1,0,,,,100,,,Locked
161465873,306,AR,★★★★★,AK-Alfa,100,3263300,-,-,x5,,580,580,59,56,55,75,10,0,0,20,10,0,,,,100,,,Locked
161509987,290,AR,★★★★★,89 Shiki,100,3263300,-,-,x5,,605,605,57,51,48,79,10,0,0,20,10,0,,,,100,,,Locked
161591533,314,AR,★★★,StG-940,30,45000,0,0,x2,,144,144,30,20,18,54,10,0,0,20,1,0,,,,100,,,Locked
161612693,305,RF,★★★★,Tabuk,100,3263300,-,-,x5,,420,420,121,86,38,39,7,0,0,40,2,0,,,,100,,,Locked
162044762,311,SMG,★★★★★,Lusa,100,3263300,-,-,x5,,1025,1025,31,14,73,94,12,0,0,5,10,0,,,,100,,,Locked
162665233,303,HG,★★★★★,HP-35,1,0,0,0,x1,,38,38,12,9,12,38,15,0,0,20,1,0,,,,100,,,Locked
162788769,20031,SMG,★★★★,M38 Mod,115,10083300,0,0,x5,Mod3,1080,1080,35,13,63,79,12,0,0,5,8,8,,,DO Reflex Sight,100,,,Locked
163706309,320,RF,★★★,GM6 Lynx,100,3263300,-,-,x5,,420,420,142,79,32,33,7,0,0,40,7,0,,,,100,,,Locked
164497419,1009,HG,★★★★★,El Clear,1,0,0,0,x1,,33,33,11,8,11,39,15,0,0,20,1,0,,,,100,,,Locked
164596610,1010,HG,★★★★★,El Fail,2,144,0,0,x1,,34,34,12,9,12,40,15,0,0,20,1,0,,,,100,,,Locked
165719870,321,SG,★★★,TS12,100,3263300,-,-,x5,,1210,1210,36,14,12,30,6,21,3,40,1,0,,,,100,,,Locked
166307823,20199,MG,★★★★★,Type80 Mod,106,4373930,210630,9370,x5,Mod1,900,900,101,30,27,118,4,0,10,5,7,0,,,,100,,,Locked
166602708,20152,SG,★★★★,M1897 Mod,110,5660940,0,0,x5,Mod2,1340,1340,38,13,12,26,6,22,4,40,5,5,,,,100,,,Locked
167281095,325,SG,★★★★,PM5,100,3263300,-,-,x5,,1190,1190,36,13,16,29,6,20,5,40,3,0,,,,100,,,Locked
167281145,198,RF,★★★★★,Carcano M91/38,1,0,0,0,x1,,37,37,50,11,6,22,7,0,0,40,1,0,,,,100,,,Locked
167281186,326,SG,★★★★,512,100,3263300,-,-,x5,,1280,1280,39,16,14,31,6,20,3,40,1,0,,,,100,,,Locked
167281209,323,SG,★★★★★,LTLX7000,100,3263300,-,-,x5,,1375,1375,25,15,12,28,6,25,5,40,10,0,,,,100,,,Locked
167281422,323,SG,★★★★★,LTLX7000,92,2246008,0,0,x1,,264,264,24,14,11,28,6,23,5,40,6,0,,,,100,,,Locked
167329213,340,AR,★★★★★,TKB-408,100,3263300,-,-,x5,,580,580,58,54,51,72,10,0,0,20,10,0,PEQ-16A,APCR High-Velocity Ammo,#2 Processor,100,,,Locked
167376842,198,RF,★★★★★,Carcano M91/38,1,0,0,0,x1,,37,37,47,10,5,22,7,0,0,40,1,0,,,,50,,,Locked
167482882,322,HG,★★★,QSB-91,100,3263300,-,-,x5,,350,350,38,61,76,53,15,0,0,20,3,0,,,,100,,,Locked
168040366,41,RF,★★,SKS,100,3263300,-,-,x5,,465,465,105,62,36,34,7,0,0,40,1,0,,,,100,,,Locked
168040821,17,SMG,★★,M3,92,2223014,0,0,x5,,890,890,30,13,67,66,12,0,0,5,1,0,,,,100,,,Locked
168042165,25,SMG,★★,MP40,100,3263300,-,-,x5,,925,925,31,14,61,76,12,0,0,5,1,0,,,,100,,,Locked
168055724,141,HG,★★,Gr USPCompact,100,3263300,-,-,x5,,330,330,26,63,91,64,15,0,0,20,1,0,,,,100,,,Locked
169128297,198,RF,★★★★★,Carcano M91/38,1,0,0,0,x1,,37,37,50,11,6,22,7,0,0,40,1,0,,,,100,,,Locked
169128410,95,RF,★★★,Type88,71,786122,0,0,x4,,348,348,93,48,30,28,7,0,0,40,6,0,,,,100,,,Locked
169128573,337,RF,★★★★★,De Lisle,100,3263300,-,-,x5,,510,510,115,92,40,37,7,0,0,40,10,0,,VFL 6-24X56,Thermoptic Camouflage Cape,100,,,Locked
169129422,42,RF,★★★★,PTRD,100,3263300,-,-,x5,,465,465,167,79,31,28,7,0,0,40,1,0,,,,100,,,Locked
169129938,329,RF,★★★★★,SVCh,100,3263300,-,-,x5,,435,435,152,102,32,35,7,0,0,40,10,0,,,,100,,,Locked
169507766,327,SMG,★★★,SUB-2000,100,3263300,-,-,x5,,970,970,28,14,70,84,12,0,0,5,8,0,,,,100,,,Locked
170843106,1031,RF,★★★★★,Pekola,100,3263300,-,-,x5,,440,440,133,84,42,37,7,0,0,40,10,0,,,Donut of Sweet Dreams,100,,,Locked
170879937,1032,AR,★★★★★,Medusa,100,3263300,-,-,x5,,605,605,61,60,50,73,10,0,0,30,10,0,,,Paper Bag Helmet,100,,,Locked
170885142,1034,SG,★★★★★,Minos,100,3263300,-,-,x5,,1430,1430,41,13,12,24,6,22,4,40,10,0,,,,100,,,Locked
170895499,1034,SG,★★★★★,Minos,1,0,0,0,x1,,143,143,15,2,2,17,6,3,4,40,1,0,,,,50,,,Locked
170904003,1032,AR,★★★★★,Medusa,1,0,0,0,x1,,61,61,20,7,6,48,10,0,0,30,1,0,,,,50,,,Locked
170904250,1033,MG,★★★★★,Hanazono Yurine,100,3263300,-,-,x5,,910,910,98,31,26,128,4,0,10,5,10,0,,Grimoire Vol. II,,100,,,Locked
170907975,1034,SG,★★★★★,Minos,1,0,0,0,x1,,143,143,15,2,2,17,6,3,4,40,1,0,,,,50,,,Locked
170975838,1032,AR,★★★★★,Medusa,1,0,0,0,x1,,61,61,20,7,6,48,10,0,0,30,1,0,,,,50,,,Locked
170979579,1032,AR,★★★★★,Medusa,1,0,0,0,x1,,61,61,20,7,6,48,10,0,0,30,1,0,,,,50,,,Locked
170991591,1034,SG,★★★★★,Minos,1,0,0,0,x1,,143,143,15,2,2,17,6,3,4,40,1,0,,,,50,,,Locked
170991922,1032,AR,★★★★★,Medusa,1,0,0,0,x1,,61,61,20,7,6,48,10,0,0,30,1,0,,,,50,,,Locked
170992037,1032,AR,★★★★★,Medusa,1,0,0,0,x1,,61,61,20,7,6,48,10,0,0,30,1,0,,,,50,,,Locked
171004224,272,HG,★★★★★,Desert Eagle,90,2085000,0,0,x5,,345,345,40,55,63,54,15,0,0,40,1,0,,,,100,,,Locked
171076515,1030,SMG,★★★★★,Jashin-chan,100,3263300,-,-,x5,,1015,1015,28,14,79,81,12,0,0,5,10,0,Miraculous Curry Ladle,,,100,,,Locked
171118761,1032,AR,★★★★★,Medusa,1,0,0,0,x1,,61,61,20,7,6,48,10,0,0,30,1,0,,,,50,,,Locked
171125131,1034,SG,★★★★★,Minos,1,0,0,0,x1,,143,143,15,2,2,17,6,3,4,40,1,0,,,,50,,,Locked
171132219,1034,SG,★★★★★,Minos,1,0,0,0,x1,,143,143,15,2,2,17,6,3,4,40,1,0,,,,50,,,Locked
171138650,1032,AR,★★★★★,Medusa,1,0,0,0,x1,,61,61,20,7,6,48,10,0,0,30,1,0,,,,50,,,Locked
171196624,308,RF,★★★,C14,100,3263300,-,-,x5,,465,465,135,81,31,32,7,0,0,40,1,0,,,,100,,,Locked
171205225,1034,SG,★★★★★,Minos,1,0,0,0,x1,,143,143,15,2,2,17,6,3,4,40,1,0,,,,50,,,Locked
171207693,1034,SG,★★★★★,Minos,1,0,0,0,x1,,143,143,15,2,2,17,6,3,4,40,1,0,,,,50,,,Locked
171214280,1032,AR,★★★★★,Medusa,1,0,0,0,x1,,61,61,20,7,6,48,10,0,0,30,1,0,,,,50,,,Locked
171225910,1034,SG,★★★★★,Minos,1,0,0,0,x1,,143,143,15,2,2,17,6,3,4,40,1,0,,,,50,,,Locked
171229705,1034,SG,★★★★★,Minos,1,0,0,0,x1,,143,143,15,2,2,17,6,3,4,40,1,0,,,,50,,,Locked
171230137,1034,SG,★★★★★,Minos,1,0,0,0,x1,,143,143,15,2,2,17,6,3,4,40,1,0,,,,50,,,Locked
171231149,1032,AR,★★★★★,Medusa,1,0,0,0,x1,,61,61,20,7,6,48,10,0,0,30,1,0,,,,50,,,Locked
171235467,1032,AR,★★★★★,Medusa,1,0,0,0,x1,,61,61,20,7,6,48,10,0,0,30,1,0,,,,50,,,Locked
171235727,1032,AR,★★★★★,Medusa,1,0,0,0,x1,,61,61,20,7,6,48,10,0,0,30,1,0,,,,50,,,Locked
171235733,1034,SG,★★★★★,Minos,1,0,0,0,x1,,143,143,15,2,2,17,6,3,4,40,1,0,,,,50,,,Locked
172302296,1034,SG,★★★★★,Minos,1,0,0,0,x1,,143,143,15,2,2,17,6,3,4,40,1,0,,,,50,,,Locked
172337039,1032,AR,★★★★★,Medusa,1,0,0,0,x1,,61,61,20,7,6,48,10,0,0,30,1,0,,,,50,,,Locked
172425880,302,SG,★★★★,Defender,100,3263300,-,-,x5,,1235,1235,40,14,18,27,6,18,8,40,10,0,,#000 Buckshot,VFL 6-24X56,100,,,Locked
172599911,312,RF,★★★★★,VSK-94,100,3263300,-,-,x5,,440,440,140,83,34,38,7,0,0,40,10,0,,,,100,,,Locked
172600236,313,AR,★★★★★,S-ACR,100,3263300,-,-,x5,,620,620,49,48,45,91,10,0,0,20,10,0,,,,100,,,Locked
172604181,11,HG,★★★,P08,100,3263300,-,-,x5,,350,350,33,49,84,55,15,0,0,20,1,0,,,,100,,,Locked
172604403,123,HG,★★★,P99,35,75000,0,0,x3,,120,120,20,27,40,49,15,0,0,20,1,0,,,,100,,,Locked
172605201,310,HG,★★★★,Rex Zero 1,100,3263300,-,-,x5,,350,350,33,59,78,61,15,0,0,20,8,0,,,,100,,,Locked
173117790,198,RF,★★★★★,Carcano M91/38,1,0,0,0,x1,,37,37,50,11,6,22,7,0,0,40,1,0,,,,100,,,Locked
174140835,20001,HG,★★★★★,SAA Mod,110,5263300,0,0,x5,Mod2,410,410,38,53,82,50,15,0,0,20,8,8,,,,100,,,Locked
176004310,319,MG,★★★★,PM1910,100,3263300,-,-,x5,,950,950,95,29,27,104,4,0,10,5,1,0,,,,100,,,Locked
176006628,315,SMG,★★★★★,AUG Para,100,3263300,-,-,x5,,925,925,31,16,88,88,12,0,0,5,10,0,,,,100,,,Locked
176083633,316,RF,★★★★★,General Liu,100,3263300,-,-,x5,,400,400,146,93,32,40,7,0,0,40,10,0,Mk211 High-Explosive Armor-Piercing Ammo,VFL 6-24X56,Thermoptic Camouflage Cape,100,,,Locked
176149023,323,SG,★★★★★,LTLX7000,1,0,0,0,x1,,138,138,10,3,3,20,6,3,5,40,1,0,,,,100,,,Locked
176703005,317,RF,★★★★,Mondragon M1908,100,3263300,-,-,x5,,420,420,118,78,36,41,7,0,0,40,10,0,,,,100,,,Locked
177075414,316,RF,★★★★★,General Liu,1,0,0,0,x1,,40,40,50,11,5,26,7,0,0,40,1,0,,,,100,,,Locked
177075474,318,AR,★★★★★,VHS,100,3263300,-,-,x5,,580,580,60,57,50,78,10,0,0,20,10,0,,,,100,,,Locked
177811149,316,RF,★★★★★,General Liu,1,0,0,0,x1,,40,40,47,10,4,26,7,0,0,40,1,0,,,,50,,,Locked
178137584,324,SG,★★★★★,M6 ASW,100,3263300,-,-,x5,,1300,1300,41,16,15,28,6,22,4,40,10,0,,,,100,,,Locked
178383551,330,AR,★★★★,FX-05,100,3263300,-,-,x5,,550,550,57,58,50,69,10,0,0,20,10,0,,,,100,,,Locked
178519113,328,SMG,★★★★,AR-57,100,3263300,-,-,x5,,915,915,28,15,78,92,12,0,0,5,5,0,,,,100,,,Locked
178519463,339,MG,★★★★★,RPK-203,100,3263300,-,-,x5,,825,825,101,38,40,124,4,0,9,5,10,0,M1022 Sniper Rounds,VFL 6-24X56,IOP Maximum Ammo Box,150,Oathed,2022-07-21 20:37,Locked
178575292,338,AR,★★★★★,SIG MCX,100,3263300,-,-,x5,,580,580,52,60,49,83,10,0,0,20,10,0,,,,100,,,Locked
178635340,336,SMG,★★★★,PPD-40,100,3263300,-,-,x5,,925,925,28,14,79,88,12,0,0,5,1,0,,,,100,,,Locked
178834391,294,HG,★★★★★,Webley,1,0,0,0,x1,,43,43,11,9,10,37,15,0,0,20,1,0,,,,100,,,Locked
180033571,159,SG,★★★,RMB-93,100,3263300,-,-,x5,,1210,1210,32,12,14,28,6,22,4,40,1,0,,,,100,,,Locked
180285136,20,SMG,★★★★★,Vector,1,0,0,0,x1,,93,93,13,3,11,71,12,0,0,5,1,0,,,,100,,,Locked
181509840,352,SG,★★★★,Nova,100,3263300,-,-,x5,,1320,1320,33,14,17,29,6,19,7,40,10,0,,,,100,,,Locked
181639468,323,SG,★★★★★,LTLX7000,1,0,0,0,x1,,138,138,9,2,2,20,6,3,5,40,1,0,,,,50,,,Locked
181639623,350,SG,★★★★★,FO-12,100,3263300,-,-,x5,,1280,1280,32,14,12,36,6,23,5,40,6,0,,,,100,,,Locked
181639638,20154,SG,★★★★,M500 Mod,110,5263300,0,0,x5,Mod2,1340,1340,34,13,11,29,6,22,4,40,1,8,,,,100,,,Locked
181639645,353,SG,★★★★,MAG-7,100,3263300,-,-,x5,,1210,1210,47,16,11,26,6,20,5,40,10,0,,,,100,,,Locked
181639716,351,SG,★★★★★,M26-MASS,100,3263300,-,-,x1,,253,253,37,16,15,30,6,22,5,40,3,0,Type 3 Armor Plate,Shotgun Flash Shells,ITI MARS,100,,,Locked
181812006,1022,SG,★★★★★,Dana Zane,1,0,0,0,x1,,135,135,15,2,2,18,6,3,1,40,1,0,,,,50,,,Locked
181885970,1017,HG,★★★★★,Jill Stingray,1,0,0,0,x1,,40,40,10,6,11,36,15,0,0,20,1,0,,,,50,,,Locked
181913974,1018,HG,★★★★★,Sei Asagiri,1,0,0,100,x1,,43,43,12,9,11,36,15,0,0,20,1,0,,,,100,,,Locked
181925726,1018,HG,★★★★★,Sei Asagiri,1,0,0,0,x1,,43,43,11,8,10,36,15,0,0,20,1,0,,,,69,,,Locked
181929351,1018,HG,★★★★★,Sei Asagiri,1,0,0,0,x1,,43,43,11,8,10,36,15,0,0,20,1,0,,,,50,,,Locked
181940064,1018,HG,★★★★★,Sei Asagiri,1,0,0,0,x1,,43,43,11,8,10,36,15,0,0,20,1,0,,,,50,,,Locked
181954719,1018,HG,★★★★★,Sei Asagiri,1,0,0,0,x1,,43,43,11,8,10,36,15,0,0,20,1,0,,,,50,,,Locked
182080420,1020,RF,★★★★★,Stella Hoshii,1,0,0,0,x1,,45,45,40,10,4,23,7,0,0,40,1,0,,,,50,,,Locked
182081795,1018,HG,★★★★★,Sei Asagiri,1,0,0,0,x1,,43,43,11,8,10,36,15,0,0,20,1,0,,,,50,,,Locked
182084329,1018,HG,★★★★★,Sei Asagiri,1,0,0,0,x1,,43,43,11,8,10,36,15,0,0,20,1,0,,,,50,,,Locked
182126328,1018,HG,★★★★★,Sei Asagiri,1,0,0,0,x1,,43,43,11,8,10,36,15,0,0,20,1,0,,,,50,,,Locked
182127948,1018,HG,★★★★★,Sei Asagiri,1,0,0,0,x1,,43,43,11,8,10,36,15,0,0,20,1,0,,,,50,,,Locked
182145404,1018,HG,★★★★★,Sei Asagiri,1,0,0,0,x1,,43,43,11,8,10,36,15,0,0,20,1,0,,,,50,,,Locked
182145507,1018,HG,★★★★★,Sei Asagiri,1,0,0,0,x1,,43,43,11,8,10,36,15,0,0,20,1,0,,,,50,,,Locked
182210005,1018,HG,★★★★★,Sei Asagiri,1,0,0,0,x1,,43,43,11,8,10,36,15,0,0,20,1,0,,,,50,,,Locked
182256143,1018,HG,★★★★★,Sei Asagiri,1,0,0,0,x1,,43,43,11,8,10,36,15,0,0,20,1,0,,,,50,,,Locked
182935826,1019,SMG,★★★★★,Dorothy Haze,1,0,0,0,x1,,88,88,10,2,10,52,12,0,0,5,1,0,,,,50,,,Locked
182935832,1021,MG,★★★★★,Alma Armas,1,0,0,0,x1,,98,98,32,4,3,87,4,0,9,5,1,0,,,,50,,,Locked
183060035,1018,HG,★★★★★,Sei Asagiri,1,0,0,0,x1,,43,43,11,8,10,36,15,0,0,20,1,0,,,,50,,,Locked
183060195,1020,RF,★★★★★,Stella Hoshii,1,0,0,0,x1,,45,45,40,10,4,23,7,0,0,40,1,0,,,,50,,,Locked
183060198,1018,HG,★★★★★,Sei Asagiri,1,0,0,0,x1,,43,43,11,8,10,36,15,0,0,20,1,0,,,,50,,,Locked
183538530,339,MG,★★★★★,RPK-203,1,0,0,0,x1,,83,83,32,5,5,80,4,0,9,5,1,0,,,,100,,,Locked
184004443,302,SG,★★★★,Defender,100,3263300,-,-,x5,,1235,1235,40,14,18,27,6,18,8,40,10,0,,,,100,,,Locked
184444358,74,AR,★★,SIG-510,100,3263300,-,-,x5,,580,580,59,44,39,59,10,0,0,20,1,0,,,,100,,,Locked
184899428,349,AR,★★★★,AK74M,100,3263300,-,-,x5,,550,550,54,60,48,73,10,0,0,20,10,0,,,,100,,,Locked
184899845,348,RF,★★★★★,HS.50,100,3263300,-,-,x5,,440,440,175,93,32,33,7,0,0,40,10,0,M1022 Sniper Rounds,VFL 6-24X56,Thermoptic Camouflage Cape,150,Oathed,2022-06-11 21:19,Locked
184899984,115,SMG,★★★★★,Suomi,1,0,0,0,x1,,110,110,12,3,9,65,12,0,0,5,1,0,,,,100,,,Locked
184900000,347,SMG,★★★★★,SR2,100,3263300,-,-,x5,,1040,1040,33,15,69,92,12,0,0,5,10,0,,,,100,,,Locked
184930826,346,HG,★★★★,CZ100,30,45000,0,0,x3,,141,141,18,23,34,46,15,0,0,20,5,0,,,,100,,,Locked
185557069,162,SG,★★★★,SPAS-12,65,544400,0,0,x3,,681,681,26,8,7,29,6,15,4,40,1,0,,,,50,,,Locked
185557536,36,RF,★★★★,Springfield,70,704400,0,0,x4,,284,284,103,53,30,29,7,0,0,40,1,0,,,,50,,,Locked
185923556,272,HG,★★★★★,Desert Eagle,1,0,0,0,x1,,37,37,14,7,8,36,15,0,0,40,1,0,,,,50,,,Locked
186313998,133,AR,★★,Type63,79,1177932,0,0,x4,,356,356,47,35,35,68,10,0,0,20,1,0,,,,100,,,Locked
187252698,171,AR,★★★★,Ribeyrolles,1,0,0,0,x1,,55,55,23,6,6,41,10,0,0,20,1,0,,,,100,,,Locked
187362593,228,SMG,★★★★★,100 Shiki,1,0,0,0,x1,,106,106,11,2,9,52,12,0,0,5,1,0,,,,50,,,Locked
187439826,47,RF,★★,G43,100,3263300,-,-,x5,,400,400,117,61,30,40,7,0,0,40,1,0,,,,100,,,Locked
187549870,249,MG,★★★,62 Shiki,1,0,0,0,x1,,85,85,34,5,5,83,4,0,9,5,1,0,,,,100,,,Locked
187778409,331,HG,★★★★★,Kolibri,90,2004010,28610,83990,x5,,315,315,14,54,116,56,15,0,0,20,10,0,RMR T4 Red Dot Sight,ILM Hollow-Point Ammo,,89,,,Locked
187843197,335,AR,★★★★,Fedorov Avtomat,86,1696965,44365,32735,x4,,412,412,53,51,42,57,10,0,0,20,10,0,,,,81,,,Locked
187883613,332,HG,★★★★,Derringer,38,90024,424,7276,x1,,48,48,19,28,43,42,15,0,0,20,10,0,,,,88,,,Locked
187892441,334,RF,★★★★★,Model 99,70,705010,610,44490,x4,,332,332,102,62,28,31,7,0,0,40,10,0,,,,87,,,Locked
187976785,307,MG,★★★★★,ZB-26,1,0,0,0,x1,,91,91,34,4,4,76,4,0,9,5,1,0,,,,50,,,
188136095,108,AR,★★★,CZ-805,1,0,0,0,x1,,58,58,16,7,6,52,10,0,0,20,1,0,,,,51,,,Locked
188441333,333,SMG,★★★★★,VP1915,30,45030,630,3570,x3,,393,393,15,5,27,73,12,0,0,5,10,0,,,,62,,,Locked
188757306,324,SG,★★★★★,M6 ASW,1,0,0,0,x1,,130,130,14,2,2,19,6,3,4,40,1,0,,,,50,,,
189275931,334,RF,★★★★★,Model 99,1,0,0,0,x1,,49,49,44,10,5,23,7,0,0,40,1,0,,,,50,,,
189339948,334,RF,★★★★★,Model 99,1,0,0,0,x1,,49,49,44,10,5,23,7,0,0,40,1,0,,,,50,,,
